Lower Tier Local Authorities Code,Lower Tier Local Authorities,Employment history (4 categories) Code,Employment history (4 categories),Observation
1,Hartlepool,-8,Does not apply,55401
1,Hartlepool,1,Not in employment: Worked in the last 12 months,3665
1,Hartlepool,2,Not in employment: Not worked in the last 12 months,21189
1,Hartlepool,3,Not in employment: Never worked,12083
2,Middlesbrough,-8,Does not apply,86420
2,Middlesbrough,1,Not in employment: Worked in the last 12 months,6900
2,Middlesbrough,2,Not in employment: Not worked in the last 12 months,29159
2,Middlesbrough,3,Not in employment: Never worked,21446
3,Redcar and Cleveland,-8,Does not apply,79810
3,Redcar and Cleveland,1,Not in employment: Worked in the last 12 months,5319
3,Redcar and Cleveland,2,Not in employment: Not worked in the last 12 months,35561
3,Redcar and Cleveland,3,Not in employment: Never worked,15841
4,Stockton-on-Tees,-8,Does not apply,125028
4,Stockton-on-Tees,1,Not in employment: Worked in the last 12 months,7562
4,Stockton-on-Tees,2,Not in employment: Not worked in the last 12 months,43060
4,Stockton-on-Tees,3,Not in employment: Never worked,20945
5,Darlington,-8,Does not apply,68986
5,Darlington,1,Not in employment: Worked in the last 12 months,4187
5,Darlington,2,Not in employment: Not worked in the last 12 months,24280
5,Darlington,3,Not in employment: Never worked,10345
6,Halton,-8,Does not apply,83236
6,Halton,1,Not in employment: Worked in the last 12 months,5006
6,Halton,2,Not in employment: Not worked in the last 12 months,27938
6,Halton,3,Not in employment: Never worked,12298
7,Warrington,-8,Does not apply,141447
7,Warrington,1,Not in employment: Worked in the last 12 months,8737
7,Warrington,2,Not in employment: Not worked in the last 12 months,45614
7,Warrington,3,Not in employment: Never worked,15176
8,Blackburn with Darwen,-8,Does not apply,98787
8,Blackburn with Darwen,1,Not in employment: Worked in the last 12 months,6016
8,Blackburn with Darwen,2,Not in employment: Not worked in the last 12 months,28035
8,Blackburn with Darwen,3,Not in employment: Never worked,21900
9,Blackpool,-8,Does not apply,84060
9,Blackpool,1,Not in employment: Worked in the last 12 months,6480
9,Blackpool,2,Not in employment: Not worked in the last 12 months,35169
9,Blackpool,3,Not in employment: Never worked,15328
10,Kingston upon Hull,-8,Does not apply,170926
10,Kingston upon Hull,1,Not in employment: Worked in the last 12 months,12135
10,Kingston upon Hull,2,Not in employment: Not worked in the last 12 months,53599
10,Kingston upon Hull,3,Not in employment: Never worked,30354
11,East Riding of Yorkshire,-8,Does not apply,210195
11,East Riding of Yorkshire,1,Not in employment: Worked in the last 12 months,13136
11,East Riding of Yorkshire,2,Not in employment: Not worked in the last 12 months,93961
11,East Riding of Yorkshire,3,Not in employment: Never worked,24923
12,North East Lincolnshire,-8,Does not apply,98293
12,North East Lincolnshire,1,Not in employment: Worked in the last 12 months,6086
12,North East Lincolnshire,2,Not in employment: Not worked in the last 12 months,37093
12,North East Lincolnshire,3,Not in employment: Never worked,15494
13,North Lincolnshire,-8,Does not apply,106436
13,North Lincolnshire,1,Not in employment: Worked in the last 12 months,6384
13,North Lincolnshire,2,Not in employment: Not worked in the last 12 months,41614
13,North Lincolnshire,3,Not in employment: Never worked,15245
14,York,-8,Does not apply,126936
14,York,1,Not in employment: Worked in the last 12 months,13505
14,York,2,Not in employment: Not worked in the last 12 months,46259
14,York,3,Not in employment: Never worked,16121
15,Derby,-8,Does not apply,168375
15,Derby,1,Not in employment: Worked in the last 12 months,12950
15,Derby,2,Not in employment: Not worked in the last 12 months,53360
15,Derby,3,Not in employment: Never worked,26679
16,Leicester,-8,Does not apply,232491
16,Leicester,1,Not in employment: Worked in the last 12 months,22738
16,Leicester,2,Not in employment: Not worked in the last 12 months,58698
16,Leicester,3,Not in employment: Never worked,54644
17,Rutland,-8,Does not apply,25534
17,Rutland,1,Not in employment: Worked in the last 12 months,1801
17,Rutland,2,Not in employment: Not worked in the last 12 months,10952
17,Rutland,3,Not in employment: Never worked,2762
18,Nottingham,-8,Does not apply,188177
18,Nottingham,1,Not in employment: Worked in the last 12 months,30227
18,Nottingham,2,Not in employment: Not worked in the last 12 months,61658
18,Nottingham,3,Not in employment: Never worked,43571
19,Herefordshire,-8,Does not apply,118414
19,Herefordshire,1,Not in employment: Worked in the last 12 months,7778
19,Herefordshire,2,Not in employment: Not worked in the last 12 months,49096
19,Herefordshire,3,Not in employment: Never worked,11749
20,Telford and Wrekin,-8,Does not apply,122364
20,Telford and Wrekin,1,Not in employment: Worked in the last 12 months,8069
20,Telford and Wrekin,2,Not in employment: Not worked in the last 12 months,39460
20,Telford and Wrekin,3,Not in employment: Never worked,15648
21,Stoke-on-Trent,-8,Does not apply,165049
21,Stoke-on-Trent,1,Not in employment: Worked in the last 12 months,11072
21,Stoke-on-Trent,2,Not in employment: Not worked in the last 12 months,55133
21,Stoke-on-Trent,3,Not in employment: Never worked,27115
22,Bath and North East Somerset,-8,Does not apply,121603
22,Bath and North East Somerset,1,Not in employment: Worked in the last 12 months,14000
22,Bath and North East Somerset,2,Not in employment: Not worked in the last 12 months,44902
22,Bath and North East Somerset,3,Not in employment: Never worked,12904
23,Bristol,-8,Does not apply,321267
23,Bristol,1,Not in employment: Worked in the last 12 months,29915
23,Bristol,2,Not in employment: Not worked in the last 12 months,81992
23,Bristol,3,Not in employment: Never worked,39291
24,North Somerset,-8,Does not apply,140863
24,North Somerset,1,Not in employment: Worked in the last 12 months,8211
24,North Somerset,2,Not in employment: Not worked in the last 12 months,55379
24,North Somerset,3,Not in employment: Never worked,12275
25,South Gloucestershire,-8,Does not apply,200670
25,South Gloucestershire,1,Not in employment: Worked in the last 12 months,12945
25,South Gloucestershire,2,Not in employment: Not worked in the last 12 months,60322
25,South Gloucestershire,3,Not in employment: Never worked,16487
26,Plymouth,-8,Does not apply,167089
26,Plymouth,1,Not in employment: Worked in the last 12 months,13936
26,Plymouth,2,Not in employment: Not worked in the last 12 months,61100
26,Plymouth,3,Not in employment: Never worked,22570
27,Torbay,-8,Does not apply,81227
27,Torbay,1,Not in employment: Worked in the last 12 months,5876
27,Torbay,2,Not in employment: Not worked in the last 12 months,41371
27,Torbay,3,Not in employment: Never worked,10850
30,Swindon,-8,Does not apply,164125
30,Swindon,1,Not in employment: Worked in the last 12 months,9461
30,Swindon,2,Not in employment: Not worked in the last 12 months,43602
30,Swindon,3,Not in employment: Never worked,16222
31,Peterborough,-8,Does not apply,149068
31,Peterborough,1,Not in employment: Worked in the last 12 months,9413
31,Peterborough,2,Not in employment: Not worked in the last 12 months,37769
31,Peterborough,3,Not in employment: Never worked,19423
32,Luton,-8,Does not apply,151285
32,Luton,1,Not in employment: Worked in the last 12 months,11164
32,Luton,2,Not in employment: Not worked in the last 12 months,33473
32,Luton,3,Not in employment: Never worked,29340
33,Southend-on-Sea,-8,Does not apply,117535
33,Southend-on-Sea,1,Not in employment: Worked in the last 12 months,7906
33,Southend-on-Sea,2,Not in employment: Not worked in the last 12 months,40947
33,Southend-on-Sea,3,Not in employment: Never worked,14298
34,Thurrock,-8,Does not apply,125585
34,Thurrock,1,Not in employment: Worked in the last 12 months,7527
34,Thurrock,2,Not in employment: Not worked in the last 12 months,29008
34,Thurrock,3,Not in employment: Never worked,13880
35,Medway,-8,Does not apply,189622
35,Medway,1,Not in employment: Worked in the last 12 months,11674
35,Medway,2,Not in employment: Not worked in the last 12 months,55102
35,Medway,3,Not in employment: Never worked,23375
36,Bracknell Forest,-8,Does not apply,91071
36,Bracknell Forest,1,Not in employment: Worked in the last 12 months,5257
36,Bracknell Forest,2,Not in employment: Not worked in the last 12 months,21202
36,Bracknell Forest,3,Not in employment: Never worked,7077
37,West Berkshire,-8,Does not apply,113019
37,West Berkshire,1,Not in employment: Worked in the last 12 months,6279
37,West Berkshire,2,Not in employment: Not worked in the last 12 months,33468
37,West Berkshire,3,Not in employment: Never worked,8682
38,Reading,-8,Does not apply,121730
38,Reading,1,Not in employment: Worked in the last 12 months,10242
38,Reading,2,Not in employment: Not worked in the last 12 months,27392
38,Reading,3,Not in employment: Never worked,14860
39,Slough,-8,Does not apply,113266
39,Slough,1,Not in employment: Worked in the last 12 months,7595
39,Slough,2,Not in employment: Not worked in the last 12 months,19844
39,Slough,3,Not in employment: Never worked,17795
40,Windsor and Maidenhead,-8,Does not apply,106123
40,Windsor and Maidenhead,1,Not in employment: Worked in the last 12 months,6748
40,Windsor and Maidenhead,2,Not in employment: Not worked in the last 12 months,30298
40,Windsor and Maidenhead,3,Not in employment: Never worked,10327
41,Wokingham,-8,Does not apply,126148
41,Wokingham,1,Not in employment: Worked in the last 12 months,7236
41,Wokingham,2,Not in employment: Not worked in the last 12 months,34265
41,Wokingham,3,Not in employment: Never worked,9853
42,Milton Keynes,-8,Does not apply,205607
42,Milton Keynes,1,Not in employment: Worked in the last 12 months,12969
42,Milton Keynes,2,Not in employment: Not worked in the last 12 months,48631
42,Milton Keynes,3,Not in employment: Never worked,19853
43,Brighton and Hove,-8,Does not apply,181027
43,Brighton and Hove,1,Not in employment: Worked in the last 12 months,18794
43,Brighton and Hove,2,Not in employment: Not worked in the last 12 months,54447
43,Brighton and Hove,3,Not in employment: Never worked,22835
44,Portsmouth,-8,Does not apply,134970
44,Portsmouth,1,Not in employment: Worked in the last 12 months,13423
44,Portsmouth,2,Not in employment: Not worked in the last 12 months,41032
44,Portsmouth,3,Not in employment: Never worked,18579
45,Southampton,-8,Does not apply,162782
45,Southampton,1,Not in employment: Worked in the last 12 months,16226
45,Southampton,2,Not in employment: Not worked in the last 12 months,45845
45,Southampton,3,Not in employment: Never worked,24069
46,Isle of Wight,-8,Does not apply,78783
46,Isle of Wight,1,Not in employment: Worked in the last 12 months,6193
46,Isle of Wight,2,Not in employment: Not worked in the last 12 months,45548
46,Isle of Wight,3,Not in employment: Never worked,9935
47,County Durham,-8,Does not apply,310325
47,County Durham,1,Not in employment: Worked in the last 12 months,23087
47,County Durham,2,Not in employment: Not worked in the last 12 months,129645
47,County Durham,3,Not in employment: Never worked,59011
49,Cheshire East,-8,Does not apply,261785
49,Cheshire East,1,Not in employment: Worked in the last 12 months,15517
49,Cheshire East,2,Not in employment: Not worked in the last 12 months,96004
49,Cheshire East,3,Not in employment: Never worked,25466
50,Cheshire West and Chester,-8,Does not apply,230880
50,Cheshire West and Chester,1,Not in employment: Worked in the last 12 months,15471
50,Cheshire West and Chester,2,Not in employment: Not worked in the last 12 months,84953
50,Cheshire West and Chester,3,Not in employment: Never worked,25846
51,Shropshire,-8,Does not apply,203783
51,Shropshire,1,Not in employment: Worked in the last 12 months,12826
51,Shropshire,2,Not in employment: Not worked in the last 12 months,85969
51,Shropshire,3,Not in employment: Never worked,21026
52,Cornwall,-8,Does not apply,347127
52,Cornwall,1,Not in employment: Worked in the last 12 months,27029
52,Cornwall,2,Not in employment: Not worked in the last 12 months,160198
52,Cornwall,3,Not in employment: Never worked,35951
53,Isles of Scilly,-8,Does not apply,1438
53,Isles of Scilly,1,Not in employment: Worked in the last 12 months,89
53,Isles of Scilly,2,Not in employment: Not worked in the last 12 months,473
53,Isles of Scilly,3,Not in employment: Never worked,53
54,Wiltshire,-8,Does not apply,343564
54,Wiltshire,1,Not in employment: Worked in the last 12 months,19945
54,Wiltshire,2,Not in employment: Not worked in the last 12 months,118337
54,Wiltshire,3,Not in employment: Never worked,28487
55,Bedford,-8,Does not apply,127972
55,Bedford,1,Not in employment: Worked in the last 12 months,7989
55,Bedford,2,Not in employment: Not worked in the last 12 months,35457
55,Bedford,3,Not in employment: Never worked,13807
56,Central Bedfordshire,-8,Does not apply,208569
56,Central Bedfordshire,1,Not in employment: Worked in the last 12 months,11222
56,Central Bedfordshire,2,Not in employment: Not worked in the last 12 months,57765
56,Central Bedfordshire,3,Not in employment: Never worked,16696
57,Northumberland,-8,Does not apply,192498
57,Northumberland,1,Not in employment: Worked in the last 12 months,12244
57,Northumberland,2,Not in employment: Not worked in the last 12 months,86935
57,Northumberland,3,Not in employment: Never worked,28891
58,"Bournemouth, Christchurch and Poole",-8,Does not apply,251319
58,"Bournemouth, Christchurch and Poole",1,Not in employment: Worked in the last 12 months,22185
58,"Bournemouth, Christchurch and Poole",2,Not in employment: Not worked in the last 12 months,99011
58,"Bournemouth, Christchurch and Poole",3,Not in employment: Never worked,27681
59,Dorset,-8,Does not apply,225454
59,Dorset,1,Not in employment: Worked in the last 12 months,15797
59,Dorset,2,Not in employment: Not worked in the last 12 months,116646
59,Dorset,3,Not in employment: Never worked,21682
60,Buckinghamshire,-8,Does not apply,382919
60,Buckinghamshire,1,Not in employment: Worked in the last 12 months,22715
60,Buckinghamshire,2,Not in employment: Not worked in the last 12 months,112130
60,Buckinghamshire,3,Not in employment: Never worked,35314
61,North Northamptonshire,-8,Does not apply,249194
61,North Northamptonshire,1,Not in employment: Worked in the last 12 months,14068
61,North Northamptonshire,2,Not in employment: Not worked in the last 12 months,72279
61,North Northamptonshire,3,Not in employment: Never worked,23986
62,West Northamptonshire,-8,Does not apply,298218
62,West Northamptonshire,1,Not in employment: Worked in the last 12 months,18950
62,West Northamptonshire,2,Not in employment: Not worked in the last 12 months,81126
62,West Northamptonshire,3,Not in employment: Never worked,27431
8,Cambridge,-8,Does not apply,91507
8,Cambridge,1,Not in employment: Worked in the last 12 months,13046
8,Cambridge,2,Not in employment: Not worked in the last 12 months,25952
8,Cambridge,3,Not in employment: Never worked,15169
9,East Cambridgeshire,-8,Does not apply,61028
9,East Cambridgeshire,1,Not in employment: Worked in the last 12 months,3207
9,East Cambridgeshire,2,Not in employment: Not worked in the last 12 months,18661
9,East Cambridgeshire,3,Not in employment: Never worked,4865
10,Fenland,-8,Does not apply,64738
10,Fenland,1,Not in employment: Worked in the last 12 months,3731
10,Fenland,2,Not in employment: Not worked in the last 12 months,25383
10,Fenland,3,Not in employment: Never worked,8610
11,Huntingdonshire,-8,Does not apply,123962
11,Huntingdonshire,1,Not in employment: Worked in the last 12 months,6999
11,Huntingdonshire,2,Not in employment: Not worked in the last 12 months,39649
11,Huntingdonshire,3,Not in employment: Never worked,10222
12,South Cambridgeshire,-8,Does not apply,114025
12,South Cambridgeshire,1,Not in employment: Worked in the last 12 months,6028
12,South Cambridgeshire,2,Not in employment: Not worked in the last 12 months,33700
12,South Cambridgeshire,3,Not in employment: Never worked,8366
26,Allerdale,-8,Does not apply,59876
26,Allerdale,1,Not in employment: Worked in the last 12 months,3687
26,Allerdale,2,Not in employment: Not worked in the last 12 months,24709
26,Allerdale,3,Not in employment: Never worked,7882
27,Barrow-in-Furness,-8,Does not apply,42756
27,Barrow-in-Furness,1,Not in employment: Worked in the last 12 months,2446
27,Barrow-in-Furness,2,Not in employment: Not worked in the last 12 months,16278
27,Barrow-in-Furness,3,Not in employment: Never worked,5930
28,Carlisle,-8,Does not apply,71631
28,Carlisle,1,Not in employment: Worked in the last 12 months,4537
28,Carlisle,2,Not in employment: Not worked in the last 12 months,25423
28,Carlisle,3,Not in employment: Never worked,8433
29,Copeland,-8,Does not apply,41638
29,Copeland,1,Not in employment: Worked in the last 12 months,2320
29,Copeland,2,Not in employment: Not worked in the last 12 months,17014
29,Copeland,3,Not in employment: Never worked,6104
30,Eden,-8,Does not apply,35435
30,Eden,1,Not in employment: Worked in the last 12 months,2377
30,Eden,2,Not in employment: Not worked in the last 12 months,13746
30,Eden,3,Not in employment: Never worked,3177
31,South Lakeland,-8,Does not apply,64884
31,South Lakeland,1,Not in employment: Worked in the last 12 months,4762
31,South Lakeland,2,Not in employment: Not worked in the last 12 months,29212
31,South Lakeland,3,Not in employment: Never worked,5592
32,Amber Valley,-8,Does not apply,81314
32,Amber Valley,1,Not in employment: Worked in the last 12 months,4597
32,Amber Valley,2,Not in employment: Not worked in the last 12 months,31693
32,Amber Valley,3,Not in employment: Never worked,8602
33,Bolsover,-8,Does not apply,52095
33,Bolsover,1,Not in employment: Worked in the last 12 months,2703
33,Bolsover,2,Not in employment: Not worked in the last 12 months,18730
33,Bolsover,3,Not in employment: Never worked,6745
34,Chesterfield,-8,Does not apply,65098
34,Chesterfield,1,Not in employment: Worked in the last 12 months,3777
34,Chesterfield,2,Not in employment: Not worked in the last 12 months,26318
34,Chesterfield,3,Not in employment: Never worked,8377
35,Derbyshire Dales,-8,Does not apply,43708
35,Derbyshire Dales,1,Not in employment: Worked in the last 12 months,3014
35,Derbyshire Dales,2,Not in employment: Not worked in the last 12 months,20997
35,Derbyshire Dales,3,Not in employment: Never worked,3821
36,Erewash,-8,Does not apply,74346
36,Erewash,1,Not in employment: Worked in the last 12 months,4208
36,Erewash,2,Not in employment: Not worked in the last 12 months,26266
36,Erewash,3,Not in employment: Never worked,8086
37,High Peak,-8,Does not apply,59887
37,High Peak,1,Not in employment: Worked in the last 12 months,3586
37,High Peak,2,Not in employment: Not worked in the last 12 months,21928
37,High Peak,3,Not in employment: Never worked,5532
38,North East Derbyshire,-8,Does not apply,63290
38,North East Derbyshire,1,Not in employment: Worked in the last 12 months,3682
38,North East Derbyshire,2,Not in employment: Not worked in the last 12 months,27658
38,North East Derbyshire,3,Not in employment: Never worked,7371
39,South Derbyshire,-8,Does not apply,74158
39,South Derbyshire,1,Not in employment: Worked in the last 12 months,4037
39,South Derbyshire,2,Not in employment: Not worked in the last 12 months,22356
39,South Derbyshire,3,Not in employment: Never worked,6655
40,East Devon,-8,Does not apply,90166
40,East Devon,1,Not in employment: Worked in the last 12 months,5965
40,East Devon,2,Not in employment: Not worked in the last 12 months,47044
40,East Devon,3,Not in employment: Never worked,7653
41,Exeter,-8,Does not apply,79078
41,Exeter,1,Not in employment: Worked in the last 12 months,11142
41,Exeter,2,Not in employment: Not worked in the last 12 months,28990
41,Exeter,3,Not in employment: Never worked,11499
42,Mid Devon,-8,Does not apply,54929
42,Mid Devon,1,Not in employment: Worked in the last 12 months,3196
42,Mid Devon,2,Not in employment: Not worked in the last 12 months,20131
42,Mid Devon,3,Not in employment: Never worked,4596
43,North Devon,-8,Does not apply,61581
43,North Devon,1,Not in employment: Worked in the last 12 months,4390
43,North Devon,2,Not in employment: Not worked in the last 12 months,26760
43,North Devon,3,Not in employment: Never worked,5881
44,South Hams,-8,Does not apply,54245
44,South Hams,1,Not in employment: Worked in the last 12 months,3724
44,South Hams,2,Not in employment: Not worked in the last 12 months,25775
44,South Hams,3,Not in employment: Never worked,4884
45,Teignbridge,-8,Does not apply,83479
45,Teignbridge,1,Not in employment: Worked in the last 12 months,5447
45,Teignbridge,2,Not in employment: Not worked in the last 12 months,38369
45,Teignbridge,3,Not in employment: Never worked,7508
46,Torridge,-8,Does not apply,40608
46,Torridge,1,Not in employment: Worked in the last 12 months,2755
46,Torridge,2,Not in employment: Not worked in the last 12 months,20449
46,Torridge,3,Not in employment: Never worked,4301
47,West Devon,-8,Does not apply,34117
47,West Devon,1,Not in employment: Worked in the last 12 months,2264
47,West Devon,2,Not in employment: Not worked in the last 12 months,17350
47,West Devon,3,Not in employment: Never worked,3365
61,Eastbourne,-8,Does not apply,60941
61,Eastbourne,1,Not in employment: Worked in the last 12 months,4494
61,Eastbourne,2,Not in employment: Not worked in the last 12 months,28177
61,Eastbourne,3,Not in employment: Never worked,8074
62,Hastings,-8,Does not apply,57190
62,Hastings,1,Not in employment: Worked in the last 12 months,3692
62,Hastings,2,Not in employment: Not worked in the last 12 months,22118
62,Hastings,3,Not in employment: Never worked,7994
63,Lewes,-8,Does not apply,61190
63,Lewes,1,Not in employment: Worked in the last 12 months,4074
63,Lewes,2,Not in employment: Not worked in the last 12 months,28094
63,Lewes,3,Not in employment: Never worked,6547
64,Rother,-8,Does not apply,51555
64,Rother,1,Not in employment: Worked in the last 12 months,3661
64,Rother,2,Not in employment: Not worked in the last 12 months,30878
64,Rother,3,Not in employment: Never worked,7016
65,Wealden,-8,Does not apply,101046
65,Wealden,1,Not in employment: Worked in the last 12 months,6167
65,Wealden,2,Not in employment: Not worked in the last 12 months,43494
65,Wealden,3,Not in employment: Never worked,9444
66,Basildon,-8,Does not apply,127919
66,Basildon,1,Not in employment: Worked in the last 12 months,7300
66,Basildon,2,Not in employment: Not worked in the last 12 months,38432
66,Basildon,3,Not in employment: Never worked,13920
67,Braintree,-8,Does not apply,104983
67,Braintree,1,Not in employment: Worked in the last 12 months,6024
67,Braintree,2,Not in employment: Not worked in the last 12 months,34553
67,Braintree,3,Not in employment: Never worked,9708
68,Brentwood,-8,Does not apply,52081
68,Brentwood,1,Not in employment: Worked in the last 12 months,3068
68,Brentwood,2,Not in employment: Not worked in the last 12 months,17139
68,Brentwood,3,Not in employment: Never worked,4762
69,Castle Point,-8,Does not apply,56181
69,Castle Point,1,Not in employment: Worked in the last 12 months,3267
69,Castle Point,2,Not in employment: Not worked in the last 12 months,23318
69,Castle Point,3,Not in employment: Never worked,6822
70,Chelmsford,-8,Does not apply,123647
70,Chelmsford,1,Not in employment: Worked in the last 12 months,7353
70,Chelmsford,2,Not in employment: Not worked in the last 12 months,39394
70,Chelmsford,3,Not in employment: Never worked,11129
71,Colchester,-8,Does not apply,128388
71,Colchester,1,Not in employment: Worked in the last 12 months,9461
71,Colchester,2,Not in employment: Not worked in the last 12 months,40708
71,Colchester,3,Not in employment: Never worked,14158
72,Epping Forest,-8,Does not apply,90844
72,Epping Forest,1,Not in employment: Worked in the last 12 months,5900
72,Epping Forest,2,Not in employment: Not worked in the last 12 months,28075
72,Epping Forest,3,Not in employment: Never worked,10161
73,Harlow,-8,Does not apply,66207
73,Harlow,1,Not in employment: Worked in the last 12 months,3728
73,Harlow,2,Not in employment: Not worked in the last 12 months,16528
73,Harlow,3,Not in employment: Never worked,6865
74,Maldon,-8,Does not apply,42036
74,Maldon,1,Not in employment: Worked in the last 12 months,2585
74,Maldon,2,Not in employment: Not worked in the last 12 months,17374
74,Maldon,3,Not in employment: Never worked,4213
75,Rochford,-8,Does not apply,55609
75,Rochford,1,Not in employment: Worked in the last 12 months,3230
75,Rochford,2,Not in employment: Not worked in the last 12 months,21432
75,Rochford,3,Not in employment: Never worked,5390
76,Tendring,-8,Does not apply,81680
76,Tendring,1,Not in employment: Worked in the last 12 months,5895
76,Tendring,2,Not in employment: Not worked in the last 12 months,47167
76,Tendring,3,Not in employment: Never worked,13548
77,Uttlesford,-8,Does not apply,63562
77,Uttlesford,1,Not in employment: Worked in the last 12 months,3714
77,Uttlesford,2,Not in employment: Not worked in the last 12 months,19392
77,Uttlesford,3,Not in employment: Never worked,4673
78,Cheltenham,-8,Does not apply,79557
78,Cheltenham,1,Not in employment: Worked in the last 12 months,5535
78,Cheltenham,2,Not in employment: Not worked in the last 12 months,26133
78,Cheltenham,3,Not in employment: Never worked,7611
79,Cotswold,-8,Does not apply,58596
79,Cotswold,1,Not in employment: Worked in the last 12 months,4158
79,Cotswold,2,Not in employment: Not worked in the last 12 months,23607
79,Cotswold,3,Not in employment: Never worked,4472
80,Forest of Dean,-8,Does not apply,53947
80,Forest of Dean,1,Not in employment: Worked in the last 12 months,3770
80,Forest of Dean,2,Not in employment: Not worked in the last 12 months,23030
80,Forest of Dean,3,Not in employment: Never worked,6257
81,Gloucester,-8,Does not apply,91098
81,Gloucester,1,Not in employment: Worked in the last 12 months,5977
81,Gloucester,2,Not in employment: Not worked in the last 12 months,25402
81,Gloucester,3,Not in employment: Never worked,9939
82,Stroud,-8,Does not apply,80828
82,Stroud,1,Not in employment: Worked in the last 12 months,4677
82,Stroud,2,Not in employment: Not worked in the last 12 months,29174
82,Stroud,3,Not in employment: Never worked,6425
83,Tewkesbury,-8,Does not apply,64055
83,Tewkesbury,1,Not in employment: Worked in the last 12 months,3607
83,Tewkesbury,2,Not in employment: Not worked in the last 12 months,22245
83,Tewkesbury,3,Not in employment: Never worked,4977
84,Basingstoke and Deane,-8,Does not apply,132320
84,Basingstoke and Deane,1,Not in employment: Worked in the last 12 months,7209
84,Basingstoke and Deane,2,Not in employment: Not worked in the last 12 months,35657
84,Basingstoke and Deane,3,Not in employment: Never worked,9968
85,East Hampshire,-8,Does not apply,83646
85,East Hampshire,1,Not in employment: Worked in the last 12 months,4899
85,East Hampshire,2,Not in employment: Not worked in the last 12 months,30453
85,East Hampshire,3,Not in employment: Never worked,6746
86,Eastleigh,-8,Does not apply,95627
86,Eastleigh,1,Not in employment: Worked in the last 12 months,5121
86,Eastleigh,2,Not in employment: Not worked in the last 12 months,28404
86,Eastleigh,3,Not in employment: Never worked,7291
87,Fareham,-8,Does not apply,74506
87,Fareham,1,Not in employment: Worked in the last 12 months,4186
87,Fareham,2,Not in employment: Not worked in the last 12 months,29407
87,Fareham,3,Not in employment: Never worked,6414
88,Gosport,-8,Does not apply,53225
88,Gosport,1,Not in employment: Worked in the last 12 months,3291
88,Gosport,2,Not in employment: Not worked in the last 12 months,19818
88,Gosport,3,Not in employment: Never worked,5618
89,Hart,-8,Does not apply,69525
89,Hart,1,Not in employment: Worked in the last 12 months,3907
89,Hart,2,Not in employment: Not worked in the last 12 months,21284
89,Hart,3,Not in employment: Never worked,4692
90,Havant,-8,Does not apply,77711
90,Havant,1,Not in employment: Worked in the last 12 months,4680
90,Havant,2,Not in employment: Not worked in the last 12 months,32588
90,Havant,3,Not in employment: Never worked,9229
91,New Forest,-8,Does not apply,105743
91,New Forest,1,Not in employment: Worked in the last 12 months,6949
91,New Forest,2,Not in employment: Not worked in the last 12 months,52818
91,New Forest,3,Not in employment: Never worked,10275
92,Rushmoor,-8,Does not apply,71900
92,Rushmoor,1,Not in employment: Worked in the last 12 months,4104
92,Rushmoor,2,Not in employment: Not worked in the last 12 months,15916
92,Rushmoor,3,Not in employment: Never worked,7836
93,Test Valley,-8,Does not apply,89602
93,Test Valley,1,Not in employment: Worked in the last 12 months,5038
93,Test Valley,2,Not in employment: Not worked in the last 12 months,29066
93,Test Valley,3,Not in employment: Never worked,6786
94,Winchester,-8,Does not apply,83267
94,Winchester,1,Not in employment: Worked in the last 12 months,6848
94,Winchester,2,Not in employment: Not worked in the last 12 months,29891
94,Winchester,3,Not in employment: Never worked,7438
95,Broxbourne,-8,Does not apply,67876
95,Broxbourne,1,Not in employment: Worked in the last 12 months,4164
95,Broxbourne,2,Not in employment: Not worked in the last 12 months,19326
95,Broxbourne,3,Not in employment: Never worked,7641
96,Dacorum,-8,Does not apply,108500
96,Dacorum,1,Not in employment: Worked in the last 12 months,6373
96,Dacorum,2,Not in employment: Not worked in the last 12 months,31028
96,Dacorum,3,Not in employment: Never worked,9182
98,Hertsmere,-8,Does not apply,74401
98,Hertsmere,1,Not in employment: Worked in the last 12 months,4717
98,Hertsmere,2,Not in employment: Not worked in the last 12 months,20540
98,Hertsmere,3,Not in employment: Never worked,8169
99,North Hertfordshire,-8,Does not apply,92628
99,North Hertfordshire,1,Not in employment: Worked in the last 12 months,5065
99,North Hertfordshire,2,Not in employment: Not worked in the last 12 months,28235
99,North Hertfordshire,3,Not in employment: Never worked,7282
102,Three Rivers,-8,Does not apply,65716
102,Three Rivers,1,Not in employment: Worked in the last 12 months,3814
102,Three Rivers,2,Not in employment: Not worked in the last 12 months,18323
102,Three Rivers,3,Not in employment: Never worked,5918
103,Watford,-8,Does not apply,74142
103,Watford,1,Not in employment: Worked in the last 12 months,4503
103,Watford,2,Not in employment: Not worked in the last 12 months,15559
103,Watford,3,Not in employment: Never worked,8042
105,Ashford,-8,Does not apply,89593
105,Ashford,1,Not in employment: Worked in the last 12 months,5056
105,Ashford,2,Not in employment: Not worked in the last 12 months,28563
105,Ashford,3,Not in employment: Never worked,9535
106,Canterbury,-8,Does not apply,90819
106,Canterbury,1,Not in employment: Worked in the last 12 months,10473
106,Canterbury,2,Not in employment: Not worked in the last 12 months,41023
106,Canterbury,3,Not in employment: Never worked,15114
107,Dartford,-8,Does not apply,84878
107,Dartford,1,Not in employment: Worked in the last 12 months,4519
107,Dartford,2,Not in employment: Not worked in the last 12 months,19341
107,Dartford,3,Not in employment: Never worked,8015
108,Dover,-8,Does not apply,71205
108,Dover,1,Not in employment: Worked in the last 12 months,4560
108,Dover,2,Not in employment: Not worked in the last 12 months,31057
108,Dover,3,Not in employment: Never worked,9588
109,Gravesham,-8,Does not apply,72106
109,Gravesham,1,Not in employment: Worked in the last 12 months,4415
109,Gravesham,2,Not in employment: Not worked in the last 12 months,21241
109,Gravesham,3,Not in employment: Never worked,9138
110,Maidstone,-8,Does not apply,120055
110,Maidstone,1,Not in employment: Worked in the last 12 months,6720
110,Maidstone,2,Not in employment: Not worked in the last 12 months,37416
110,Maidstone,3,Not in employment: Never worked,11591
111,Sevenoaks,-8,Does not apply,80295
111,Sevenoaks,1,Not in employment: Worked in the last 12 months,4571
111,Sevenoaks,2,Not in employment: Not worked in the last 12 months,28122
111,Sevenoaks,3,Not in employment: Never worked,7526
112,Folkestone and Hythe,-8,Does not apply,66022
112,Folkestone and Hythe,1,Not in employment: Worked in the last 12 months,4385
112,Folkestone and Hythe,2,Not in employment: Not worked in the last 12 months,30115
112,Folkestone and Hythe,3,Not in employment: Never worked,9236
113,Swale,-8,Does not apply,98880
113,Swale,1,Not in employment: Worked in the last 12 months,5772
113,Swale,2,Not in employment: Not worked in the last 12 months,34279
113,Swale,3,Not in employment: Never worked,12746
114,Thanet,-8,Does not apply,84360
114,Thanet,1,Not in employment: Worked in the last 12 months,5481
114,Thanet,2,Not in employment: Not worked in the last 12 months,38197
114,Thanet,3,Not in employment: Never worked,12549
115,Tonbridge and Malling,-8,Does not apply,91101
115,Tonbridge and Malling,1,Not in employment: Worked in the last 12 months,4876
115,Tonbridge and Malling,2,Not in employment: Not worked in the last 12 months,28164
115,Tonbridge and Malling,3,Not in employment: Never worked,8060
116,Tunbridge Wells,-8,Does not apply,78807
116,Tunbridge Wells,1,Not in employment: Worked in the last 12 months,4444
116,Tunbridge Wells,2,Not in employment: Not worked in the last 12 months,25141
116,Tunbridge Wells,3,Not in employment: Never worked,6919
117,Burnley,-8,Does not apply,59481
117,Burnley,1,Not in employment: Worked in the last 12 months,3836
117,Burnley,2,Not in employment: Not worked in the last 12 months,20571
117,Burnley,3,Not in employment: Never worked,10758
118,Chorley,-8,Does not apply,78607
118,Chorley,1,Not in employment: Worked in the last 12 months,4155
118,Chorley,2,Not in employment: Not worked in the last 12 months,27112
118,Chorley,3,Not in employment: Never worked,7856
119,Fylde,-8,Does not apply,47843
119,Fylde,1,Not in employment: Worked in the last 12 months,3218
119,Fylde,2,Not in employment: Not worked in the last 12 months,24676
119,Fylde,3,Not in employment: Never worked,5637
120,Hyndburn,-8,Does not apply,52229
120,Hyndburn,1,Not in employment: Worked in the last 12 months,3142
120,Hyndburn,2,Not in employment: Not worked in the last 12 months,17728
120,Hyndburn,3,Not in employment: Never worked,9135
121,Lancaster,-8,Does not apply,85695
121,Lancaster,1,Not in employment: Worked in the last 12 months,8680
121,Lancaster,2,Not in employment: Not worked in the last 12 months,35074
121,Lancaster,3,Not in employment: Never worked,13485
122,Pendle,-8,Does not apply,60158
122,Pendle,1,Not in employment: Worked in the last 12 months,3961
122,Pendle,2,Not in employment: Not worked in the last 12 months,19876
122,Pendle,3,Not in employment: Never worked,11763
123,Preston,-8,Does not apply,95800
123,Preston,1,Not in employment: Worked in the last 12 months,7496
123,Preston,2,Not in employment: Not worked in the last 12 months,28352
123,Preston,3,Not in employment: Never worked,16187
124,Ribble Valley,-8,Does not apply,40484
124,Ribble Valley,1,Not in employment: Worked in the last 12 months,2221
124,Ribble Valley,2,Not in employment: Not worked in the last 12 months,15406
124,Ribble Valley,3,Not in employment: Never worked,3450
125,Rossendale,-8,Does not apply,46687
125,Rossendale,1,Not in employment: Worked in the last 12 months,2573
125,Rossendale,2,Not in employment: Not worked in the last 12 months,15803
125,Rossendale,3,Not in employment: Never worked,5808
126,South Ribble,-8,Does not apply,74246
126,South Ribble,1,Not in employment: Worked in the last 12 months,3898
126,South Ribble,2,Not in employment: Not worked in the last 12 months,25561
126,South Ribble,3,Not in employment: Never worked,7329
127,West Lancashire,-8,Does not apply,72642
127,West Lancashire,1,Not in employment: Worked in the last 12 months,6514
127,West Lancashire,2,Not in employment: Not worked in the last 12 months,28253
127,West Lancashire,3,Not in employment: Never worked,10020
128,Wyre,-8,Does not apply,65430
128,Wyre,1,Not in employment: Worked in the last 12 months,4400
128,Wyre,2,Not in employment: Not worked in the last 12 months,32772
128,Wyre,3,Not in employment: Never worked,9344
129,Blaby,-8,Does not apply,70706
129,Blaby,1,Not in employment: Worked in the last 12 months,3651
129,Blaby,2,Not in employment: Not worked in the last 12 months,21934
129,Blaby,3,Not in employment: Never worked,6635
130,Charnwood,-8,Does not apply,115670
130,Charnwood,1,Not in employment: Worked in the last 12 months,12403
130,Charnwood,2,Not in employment: Not worked in the last 12 months,40170
130,Charnwood,3,Not in employment: Never worked,15728
131,Harborough,-8,Does not apply,65968
131,Harborough,1,Not in employment: Worked in the last 12 months,3723
131,Harborough,2,Not in employment: Not worked in the last 12 months,22563
131,Harborough,3,Not in employment: Never worked,5371
132,Hinckley and Bosworth,-8,Does not apply,75608
132,Hinckley and Bosworth,1,Not in employment: Worked in the last 12 months,4130
132,Hinckley and Bosworth,2,Not in employment: Not worked in the last 12 months,26740
132,Hinckley and Bosworth,3,Not in employment: Never worked,7162
133,Melton,-8,Does not apply,34271
133,Melton,1,Not in employment: Worked in the last 12 months,1970
133,Melton,2,Not in employment: Not worked in the last 12 months,12596
133,Melton,3,Not in employment: Never worked,2915
134,North West Leicestershire,-8,Does not apply,70501
134,North West Leicestershire,1,Not in employment: Worked in the last 12 months,4232
134,North West Leicestershire,2,Not in employment: Not worked in the last 12 months,23293
134,North West Leicestershire,3,Not in employment: Never worked,6679
135,Oadby and Wigston,-8,Does not apply,36526
135,Oadby and Wigston,1,Not in employment: Worked in the last 12 months,2732
135,Oadby and Wigston,2,Not in employment: Not worked in the last 12 months,13192
135,Oadby and Wigston,3,Not in employment: Never worked,5297
136,Boston,-8,Does not apply,46549
136,Boston,1,Not in employment: Worked in the last 12 months,2689
136,Boston,2,Not in employment: Not worked in the last 12 months,15940
136,Boston,3,Not in employment: Never worked,5324
137,East Lindsey,-8,Does not apply,76455
137,East Lindsey,1,Not in employment: Worked in the last 12 months,6359
137,East Lindsey,2,Not in employment: Not worked in the last 12 months,46446
137,East Lindsey,3,Not in employment: Never worked,13034
138,Lincoln,-8,Does not apply,63464
138,Lincoln,1,Not in employment: Worked in the last 12 months,8168
138,Lincoln,2,Not in employment: Not worked in the last 12 months,21934
138,Lincoln,3,Not in employment: Never worked,10247
139,North Kesteven,-8,Does not apply,76951
139,North Kesteven,1,Not in employment: Worked in the last 12 months,4174
139,North Kesteven,2,Not in employment: Not worked in the last 12 months,29352
139,North Kesteven,3,Not in employment: Never worked,7597
140,South Holland,-8,Does not apply,61358
140,South Holland,1,Not in employment: Worked in the last 12 months,3437
140,South Holland,2,Not in employment: Not worked in the last 12 months,24024
140,South Holland,3,Not in employment: Never worked,6303
141,South Kesteven,-8,Does not apply,93588
141,South Kesteven,1,Not in employment: Worked in the last 12 months,5537
141,South Kesteven,2,Not in employment: Not worked in the last 12 months,35140
141,South Kesteven,3,Not in employment: Never worked,9139
142,West Lindsey,-8,Does not apply,58172
142,West Lindsey,1,Not in employment: Worked in the last 12 months,3476
142,West Lindsey,2,Not in employment: Not worked in the last 12 months,26050
142,West Lindsey,3,Not in employment: Never worked,7454
143,Breckland,-8,Does not apply,89262
143,Breckland,1,Not in employment: Worked in the last 12 months,5299
143,Breckland,2,Not in employment: Not worked in the last 12 months,37494
143,Breckland,3,Not in employment: Never worked,9421
144,Broadland,-8,Does not apply,83804
144,Broadland,1,Not in employment: Worked in the last 12 months,4846
144,Broadland,2,Not in employment: Not worked in the last 12 months,35632
144,Broadland,3,Not in employment: Never worked,7437
145,Great Yarmouth,-8,Does not apply,58168
145,Great Yarmouth,1,Not in employment: Worked in the last 12 months,4673
145,Great Yarmouth,2,Not in employment: Not worked in the last 12 months,27678
145,Great Yarmouth,3,Not in employment: Never worked,9229
146,King's Lynn and West Norfolk,-8,Does not apply,94656
146,King's Lynn and West Norfolk,1,Not in employment: Worked in the last 12 months,5991
146,King's Lynn and West Norfolk,2,Not in employment: Not worked in the last 12 months,42402
146,King's Lynn and West Norfolk,3,Not in employment: Never worked,11276
147,North Norfolk,-8,Does not apply,55494
147,North Norfolk,1,Not in employment: Worked in the last 12 months,4581
147,North Norfolk,2,Not in employment: Not worked in the last 12 months,36218
147,North Norfolk,3,Not in employment: Never worked,6687
148,Norwich,-8,Does not apply,88879
148,Norwich,1,Not in employment: Worked in the last 12 months,10356
148,Norwich,2,Not in employment: Not worked in the last 12 months,31240
148,Norwich,3,Not in employment: Never worked,13448
149,South Norfolk,-8,Does not apply,92478
149,South Norfolk,1,Not in employment: Worked in the last 12 months,5054
149,South Norfolk,2,Not in employment: Not worked in the last 12 months,36488
149,South Norfolk,3,Not in employment: Never worked,7928
163,Craven,-8,Does not apply,35775
163,Craven,1,Not in employment: Worked in the last 12 months,2305
163,Craven,2,Not in employment: Not worked in the last 12 months,15912
163,Craven,3,Not in employment: Never worked,2935
164,Hambleton,-8,Does not apply,57110
164,Hambleton,1,Not in employment: Worked in the last 12 months,3652
164,Hambleton,2,Not in employment: Not worked in the last 12 months,24561
164,Hambleton,3,Not in employment: Never worked,5367
165,Harrogate,-8,Does not apply,107047
165,Harrogate,1,Not in employment: Worked in the last 12 months,6715
165,Harrogate,2,Not in employment: Not worked in the last 12 months,39177
165,Harrogate,3,Not in employment: Never worked,9728
166,Richmondshire,-8,Does not apply,32715
166,Richmondshire,1,Not in employment: Worked in the last 12 months,2177
166,Richmondshire,2,Not in employment: Not worked in the last 12 months,11865
166,Richmondshire,3,Not in employment: Never worked,3019
167,Ryedale,-8,Does not apply,34343
167,Ryedale,1,Not in employment: Worked in the last 12 months,2302
167,Ryedale,2,Not in employment: Not worked in the last 12 months,14808
167,Ryedale,3,Not in employment: Never worked,3253
168,Scarborough,-8,Does not apply,63176
168,Scarborough,1,Not in employment: Worked in the last 12 months,5128
168,Scarborough,2,Not in employment: Not worked in the last 12 months,31962
168,Scarborough,3,Not in employment: Never worked,8470
169,Selby,-8,Does not apply,62680
169,Selby,1,Not in employment: Worked in the last 12 months,3503
169,Selby,2,Not in employment: Not worked in the last 12 months,20415
169,Selby,3,Not in employment: Never worked,5391
170,Ashfield,-8,Does not apply,81884
170,Ashfield,1,Not in employment: Worked in the last 12 months,4489
170,Ashfield,2,Not in employment: Not worked in the last 12 months,29329
170,Ashfield,3,Not in employment: Never worked,10598
171,Bassetlaw,-8,Does not apply,75353
171,Bassetlaw,1,Not in employment: Worked in the last 12 months,4245
171,Bassetlaw,2,Not in employment: Not worked in the last 12 months,28697
171,Bassetlaw,3,Not in employment: Never worked,9511
172,Broxtowe,-8,Does not apply,70316
172,Broxtowe,1,Not in employment: Worked in the last 12 months,5025
172,Broxtowe,2,Not in employment: Not worked in the last 12 months,26992
172,Broxtowe,3,Not in employment: Never worked,8610
173,Gedling,-8,Does not apply,76993
173,Gedling,1,Not in employment: Worked in the last 12 months,4365
173,Gedling,2,Not in employment: Not worked in the last 12 months,27654
173,Gedling,3,Not in employment: Never worked,8251
174,Mansfield,-8,Does not apply,71679
174,Mansfield,1,Not in employment: Worked in the last 12 months,4116
174,Mansfield,2,Not in employment: Not worked in the last 12 months,24919
174,Mansfield,3,Not in employment: Never worked,9767
175,Newark and Sherwood,-8,Does not apply,78102
175,Newark and Sherwood,1,Not in employment: Worked in the last 12 months,4800
175,Newark and Sherwood,2,Not in employment: Not worked in the last 12 months,30511
175,Newark and Sherwood,3,Not in employment: Never worked,9543
176,Rushcliffe,-8,Does not apply,78332
176,Rushcliffe,1,Not in employment: Worked in the last 12 months,5161
176,Rushcliffe,2,Not in employment: Not worked in the last 12 months,28239
176,Rushcliffe,3,Not in employment: Never worked,7345
177,Cherwell,-8,Does not apply,115400
177,Cherwell,1,Not in employment: Worked in the last 12 months,6780
177,Cherwell,2,Not in employment: Not worked in the last 12 months,30030
177,Cherwell,3,Not in employment: Never worked,8807
178,Oxford,-8,Does not apply,98648
178,Oxford,1,Not in employment: Worked in the last 12 months,16564
178,Oxford,2,Not in employment: Not worked in the last 12 months,28849
178,Oxford,3,Not in employment: Never worked,17979
179,South Oxfordshire,-8,Does not apply,104070
179,South Oxfordshire,1,Not in employment: Worked in the last 12 months,5685
179,South Oxfordshire,2,Not in employment: Not worked in the last 12 months,31913
179,South Oxfordshire,3,Not in employment: Never worked,7417
180,Vale of White Horse,-8,Does not apply,97350
180,Vale of White Horse,1,Not in employment: Worked in the last 12 months,5310
180,Vale of White Horse,2,Not in employment: Not worked in the last 12 months,28950
180,Vale of White Horse,3,Not in employment: Never worked,7303
181,West Oxfordshire,-8,Does not apply,79354
181,West Oxfordshire,1,Not in employment: Worked in the last 12 months,4335
181,West Oxfordshire,2,Not in employment: Not worked in the last 12 months,25038
181,West Oxfordshire,3,Not in employment: Never worked,5510
187,Mendip,-8,Does not apply,75709
187,Mendip,1,Not in employment: Worked in the last 12 months,4649
187,Mendip,2,Not in employment: Not worked in the last 12 months,28994
187,Mendip,3,Not in employment: Never worked,6735
188,Sedgemoor,-8,Does not apply,80709
188,Sedgemoor,1,Not in employment: Worked in the last 12 months,4865
188,Sedgemoor,2,Not in employment: Not worked in the last 12 months,31568
188,Sedgemoor,3,Not in employment: Never worked,8201
189,South Somerset,-8,Does not apply,109789
189,South Somerset,1,Not in employment: Worked in the last 12 months,6536
189,South Somerset,2,Not in employment: Not worked in the last 12 months,46564
189,South Somerset,3,Not in employment: Never worked,9781
192,Cannock Chase,-8,Does not apply,66918
192,Cannock Chase,1,Not in employment: Worked in the last 12 months,3769
192,Cannock Chase,2,Not in employment: Not worked in the last 12 months,22117
192,Cannock Chase,3,Not in employment: Never worked,7715
193,East Staffordshire,-8,Does not apply,82829
193,East Staffordshire,1,Not in employment: Worked in the last 12 months,5100
193,East Staffordshire,2,Not in employment: Not worked in the last 12 months,26136
193,East Staffordshire,3,Not in employment: Never worked,9952
194,Lichfield,-8,Does not apply,68315
194,Lichfield,1,Not in employment: Worked in the last 12 months,4017
194,Lichfield,2,Not in employment: Not worked in the last 12 months,27044
194,Lichfield,3,Not in employment: Never worked,7063
195,Newcastle-under-Lyme,-8,Does not apply,76798
195,Newcastle-under-Lyme,1,Not in employment: Worked in the last 12 months,5707
195,Newcastle-under-Lyme,2,Not in employment: Not worked in the last 12 months,30493
195,Newcastle-under-Lyme,3,Not in employment: Never worked,10301
196,South Staffordshire,-8,Does not apply,67799
196,South Staffordshire,1,Not in employment: Worked in the last 12 months,4167
196,South Staffordshire,2,Not in employment: Not worked in the last 12 months,30359
196,South Staffordshire,3,Not in employment: Never worked,8147
197,Stafford,-8,Does not apply,89018
197,Stafford,1,Not in employment: Worked in the last 12 months,5167
197,Stafford,2,Not in employment: Not worked in the last 12 months,34220
197,Stafford,3,Not in employment: Never worked,8461
198,Staffordshire Moorlands,-8,Does not apply,60025
198,Staffordshire Moorlands,1,Not in employment: Worked in the last 12 months,3626
198,Staffordshire Moorlands,2,Not in employment: Not worked in the last 12 months,25864
198,Staffordshire Moorlands,3,Not in employment: Never worked,6329
199,Tamworth,-8,Does not apply,53014
199,Tamworth,1,Not in employment: Worked in the last 12 months,3036
199,Tamworth,2,Not in employment: Not worked in the last 12 months,16855
199,Tamworth,3,Not in employment: Never worked,5742
200,Babergh,-8,Does not apply,57919
200,Babergh,1,Not in employment: Worked in the last 12 months,3594
200,Babergh,2,Not in employment: Not worked in the last 12 months,25490
200,Babergh,3,Not in employment: Never worked,5338
202,Ipswich,-8,Does not apply,94836
202,Ipswich,1,Not in employment: Worked in the last 12 months,5607
202,Ipswich,2,Not in employment: Not worked in the last 12 months,27855
202,Ipswich,3,Not in employment: Never worked,11344
203,Mid Suffolk,-8,Does not apply,66418
203,Mid Suffolk,1,Not in employment: Worked in the last 12 months,3813
203,Mid Suffolk,2,Not in employment: Not worked in the last 12 months,26964
203,Mid Suffolk,3,Not in employment: Never worked,5504
207,Elmbridge,-8,Does not apply,96960
207,Elmbridge,1,Not in employment: Worked in the last 12 months,5454
207,Elmbridge,2,Not in employment: Not worked in the last 12 months,28046
207,Elmbridge,3,Not in employment: Never worked,8294
208,Epsom and Ewell,-8,Does not apply,56240
208,Epsom and Ewell,1,Not in employment: Worked in the last 12 months,3307
208,Epsom and Ewell,2,Not in employment: Not worked in the last 12 months,16058
208,Epsom and Ewell,3,Not in employment: Never worked,5334
209,Guildford,-8,Does not apply,94068
209,Guildford,1,Not in employment: Worked in the last 12 months,9447
209,Guildford,2,Not in employment: Not worked in the last 12 months,29752
209,Guildford,3,Not in employment: Never worked,10383
210,Mole Valley,-8,Does not apply,57388
210,Mole Valley,1,Not in employment: Worked in the last 12 months,3552
210,Mole Valley,2,Not in employment: Not worked in the last 12 months,21471
210,Mole Valley,3,Not in employment: Never worked,4975
211,Reigate and Banstead,-8,Does not apply,105843
211,Reigate and Banstead,1,Not in employment: Worked in the last 12 months,5983
211,Reigate and Banstead,2,Not in employment: Not worked in the last 12 months,29894
211,Reigate and Banstead,3,Not in employment: Never worked,9125
212,Runnymede,-8,Does not apply,57818
212,Runnymede,1,Not in employment: Worked in the last 12 months,5424
212,Runnymede,2,Not in employment: Not worked in the last 12 months,17754
212,Runnymede,3,Not in employment: Never worked,7083
213,Spelthorne,-8,Does not apply,71133
213,Spelthorne,1,Not in employment: Worked in the last 12 months,4663
213,Spelthorne,2,Not in employment: Not worked in the last 12 months,20315
213,Spelthorne,3,Not in employment: Never worked,6845
214,Surrey Heath,-8,Does not apply,62032
214,Surrey Heath,1,Not in employment: Worked in the last 12 months,3873
214,Surrey Heath,2,Not in employment: Not worked in the last 12 months,19165
214,Surrey Heath,3,Not in employment: Never worked,5381
215,Tandridge,-8,Does not apply,59623
215,Tandridge,1,Not in employment: Worked in the last 12 months,3290
215,Tandridge,2,Not in employment: Not worked in the last 12 months,19446
215,Tandridge,3,Not in employment: Never worked,5516
216,Waverley,-8,Does not apply,85316
216,Waverley,1,Not in employment: Worked in the last 12 months,5248
216,Waverley,2,Not in employment: Not worked in the last 12 months,29987
216,Waverley,3,Not in employment: Never worked,7678
217,Woking,-8,Does not apply,73703
217,Woking,1,Not in employment: Worked in the last 12 months,4204
217,Woking,2,Not in employment: Not worked in the last 12 months,19362
217,Woking,3,Not in employment: Never worked,6674
218,North Warwickshire,-8,Does not apply,42891
218,North Warwickshire,1,Not in employment: Worked in the last 12 months,2581
218,North Warwickshire,2,Not in employment: Not worked in the last 12 months,14861
218,North Warwickshire,3,Not in employment: Never worked,4702
219,Nuneaton and Bedworth,-8,Does not apply,88723
219,Nuneaton and Bedworth,1,Not in employment: Worked in the last 12 months,5264
219,Nuneaton and Bedworth,2,Not in employment: Not worked in the last 12 months,28898
219,Nuneaton and Bedworth,3,Not in employment: Never worked,11311
220,Rugby,-8,Does not apply,80282
220,Rugby,1,Not in employment: Worked in the last 12 months,4248
220,Rugby,2,Not in employment: Not worked in the last 12 months,22755
220,Rugby,3,Not in employment: Never worked,7077
221,Stratford-on-Avon,-8,Does not apply,88322
221,Stratford-on-Avon,1,Not in employment: Worked in the last 12 months,5244
221,Stratford-on-Avon,2,Not in employment: Not worked in the last 12 months,33920
221,Stratford-on-Avon,3,Not in employment: Never worked,7242
222,Warwick,-8,Does not apply,97946
222,Warwick,1,Not in employment: Worked in the last 12 months,7768
222,Warwick,2,Not in employment: Not worked in the last 12 months,31847
222,Warwick,3,Not in employment: Never worked,10892
223,Adur,-8,Does not apply,41416
223,Adur,1,Not in employment: Worked in the last 12 months,2485
223,Adur,2,Not in employment: Not worked in the last 12 months,16200
223,Adur,3,Not in employment: Never worked,4443
224,Arun,-8,Does not apply,98526
224,Arun,1,Not in employment: Worked in the last 12 months,6918
224,Arun,2,Not in employment: Not worked in the last 12 months,48152
224,Arun,3,Not in employment: Never worked,11293
225,Chichester,-8,Does not apply,75724
225,Chichester,1,Not in employment: Worked in the last 12 months,6264
225,Chichester,2,Not in employment: Not worked in the last 12 months,34691
225,Chichester,3,Not in employment: Never worked,7389
226,Crawley,-8,Does not apply,83825
226,Crawley,1,Not in employment: Worked in the last 12 months,6266
226,Crawley,2,Not in employment: Not worked in the last 12 months,19668
226,Crawley,3,Not in employment: Never worked,8734
227,Horsham,-8,Does not apply,98284
227,Horsham,1,Not in employment: Worked in the last 12 months,5834
227,Horsham,2,Not in employment: Not worked in the last 12 months,35024
227,Horsham,3,Not in employment: Never worked,7638
228,Mid Sussex,-8,Does not apply,105822
228,Mid Sussex,1,Not in employment: Worked in the last 12 months,5826
228,Mid Sussex,2,Not in employment: Not worked in the last 12 months,33351
228,Mid Sussex,3,Not in employment: Never worked,7567
229,Worthing,-8,Does not apply,72540
229,Worthing,1,Not in employment: Worked in the last 12 months,4422
229,Worthing,2,Not in employment: Not worked in the last 12 months,27193
229,Worthing,3,Not in employment: Never worked,7184
234,Bromsgrove,-8,Does not apply,65369
234,Bromsgrove,1,Not in employment: Worked in the last 12 months,3674
234,Bromsgrove,2,Not in employment: Not worked in the last 12 months,23714
234,Bromsgrove,3,Not in employment: Never worked,6426
235,Malvern Hills,-8,Does not apply,48166
235,Malvern Hills,1,Not in employment: Worked in the last 12 months,3106
235,Malvern Hills,2,Not in employment: Not worked in the last 12 months,23241
235,Malvern Hills,3,Not in employment: Never worked,4974
236,Redditch,-8,Does not apply,59479
236,Redditch,1,Not in employment: Worked in the last 12 months,3535
236,Redditch,2,Not in employment: Not worked in the last 12 months,17672
236,Redditch,3,Not in employment: Never worked,6350
237,Worcester,-8,Does not apply,69894
237,Worcester,1,Not in employment: Worked in the last 12 months,5202
237,Worcester,2,Not in employment: Not worked in the last 12 months,21299
237,Worcester,3,Not in employment: Never worked,7477
238,Wychavon,-8,Does not apply,85435
238,Wychavon,1,Not in employment: Worked in the last 12 months,5069
238,Wychavon,2,Not in employment: Not worked in the last 12 months,34017
238,Wychavon,3,Not in employment: Never worked,7974
239,Wyre Forest,-8,Does not apply,62833
239,Wyre Forest,1,Not in employment: Worked in the last 12 months,3897
239,Wyre Forest,2,Not in employment: Not worked in the last 12 months,27127
239,Wyre Forest,3,Not in employment: Never worked,7750
240,St Albans,-8,Does not apply,104947
240,St Albans,1,Not in employment: Worked in the last 12 months,5778
240,St Albans,2,Not in employment: Not worked in the last 12 months,29034
240,St Albans,3,Not in employment: Never worked,8408
241,Welwyn Hatfield,-8,Does not apply,80500
241,Welwyn Hatfield,1,Not in employment: Worked in the last 12 months,6956
241,Welwyn Hatfield,2,Not in employment: Not worked in the last 12 months,22873
241,Welwyn Hatfield,3,Not in employment: Never worked,9506
242,East Hertfordshire,-8,Does not apply,105530
242,East Hertfordshire,1,Not in employment: Worked in the last 12 months,6040
242,East Hertfordshire,2,Not in employment: Not worked in the last 12 months,30349
242,East Hertfordshire,3,Not in employment: Never worked,8239
243,Stevenage,-8,Does not apply,63719
243,Stevenage,1,Not in employment: Worked in the last 12 months,3482
243,Stevenage,2,Not in employment: Not worked in the last 12 months,16315
243,Stevenage,3,Not in employment: Never worked,5979
244,East Suffolk,-8,Does not apply,145704
244,East Suffolk,1,Not in employment: Worked in the last 12 months,9755
244,East Suffolk,2,Not in employment: Not worked in the last 12 months,74032
244,East Suffolk,3,Not in employment: Never worked,16566
245,West Suffolk,-8,Does not apply,121440
245,West Suffolk,1,Not in employment: Worked in the last 12 months,7603
245,West Suffolk,2,Not in employment: Not worked in the last 12 months,40209
245,West Suffolk,3,Not in employment: Never worked,10696
246,Somerset West and Taunton,-8,Does not apply,99444
246,Somerset West and Taunton,1,Not in employment: Worked in the last 12 months,6065
246,Somerset West and Taunton,2,Not in employment: Not worked in the last 12 months,42287
246,Somerset West and Taunton,3,Not in employment: Never worked,9649
247,Bolton,-8,Does not apply,189112
247,Bolton,1,Not in employment: Worked in the last 12 months,11655
247,Bolton,2,Not in employment: Not worked in the last 12 months,59565
247,Bolton,3,Not in employment: Never worked,35631
248,Bury,-8,Does not apply,127461
248,Bury,1,Not in employment: Worked in the last 12 months,7386
248,Bury,2,Not in employment: Not worked in the last 12 months,40164
248,Bury,3,Not in employment: Never worked,18840
249,Manchester,-8,Does not apply,348263
249,Manchester,1,Not in employment: Worked in the last 12 months,38807
249,Manchester,2,Not in employment: Not worked in the last 12 months,83518
249,Manchester,3,Not in employment: Never worked,81350
250,Oldham,-8,Does not apply,153259
250,Oldham,1,Not in employment: Worked in the last 12 months,10257
250,Oldham,2,Not in employment: Not worked in the last 12 months,46495
250,Oldham,3,Not in employment: Never worked,32077
251,Rochdale,-8,Does not apply,143285
251,Rochdale,1,Not in employment: Worked in the last 12 months,8988
251,Rochdale,2,Not in employment: Not worked in the last 12 months,44498
251,Rochdale,3,Not in employment: Never worked,27002
252,Salford,-8,Does not apply,180606
252,Salford,1,Not in employment: Worked in the last 12 months,14210
252,Salford,2,Not in employment: Not worked in the last 12 months,46554
252,Salford,3,Not in employment: Never worked,28553
253,Stockport,-8,Does not apply,195652
253,Stockport,1,Not in employment: Worked in the last 12 months,10900
253,Stockport,2,Not in employment: Not worked in the last 12 months,65698
253,Stockport,3,Not in employment: Never worked,22523
254,Tameside,-8,Does not apply,151590
254,Tameside,1,Not in employment: Worked in the last 12 months,8798
254,Tameside,2,Not in employment: Not worked in the last 12 months,47926
254,Tameside,3,Not in employment: Never worked,22757
255,Trafford,-8,Does not apply,160459
255,Trafford,1,Not in employment: Worked in the last 12 months,9156
255,Trafford,2,Not in employment: Not worked in the last 12 months,46700
255,Trafford,3,Not in employment: Never worked,18738
256,Wigan,-8,Does not apply,215250
256,Wigan,1,Not in employment: Worked in the last 12 months,12012
256,Wigan,2,Not in employment: Not worked in the last 12 months,72576
256,Wigan,3,Not in employment: Never worked,29492
257,Knowsley,-8,Does not apply,99712
257,Knowsley,1,Not in employment: Worked in the last 12 months,6112
257,Knowsley,2,Not in employment: Not worked in the last 12 months,30193
257,Knowsley,3,Not in employment: Never worked,18502
258,Liverpool,-8,Does not apply,288810
258,Liverpool,1,Not in employment: Worked in the last 12 months,33594
258,Liverpool,2,Not in employment: Not worked in the last 12 months,97059
258,Liverpool,3,Not in employment: Never worked,66625
259,St. Helens,-8,Does not apply,115300
259,St. Helens,1,Not in employment: Worked in the last 12 months,6828
259,St. Helens,2,Not in employment: Not worked in the last 12 months,42822
259,St. Helens,3,Not in employment: Never worked,18296
260,Sefton,-8,Does not apply,171440
260,Sefton,1,Not in employment: Worked in the last 12 months,10990
260,Sefton,2,Not in employment: Not worked in the last 12 months,70851
260,Sefton,3,Not in employment: Never worked,25952
261,Wirral,-8,Does not apply,197591
261,Wirral,1,Not in employment: Worked in the last 12 months,12285
261,Wirral,2,Not in employment: Not worked in the last 12 months,79958
261,Wirral,3,Not in employment: Never worked,30365
262,Barnsley,-8,Does not apply,156462
262,Barnsley,1,Not in employment: Worked in the last 12 months,8953
262,Barnsley,2,Not in employment: Not worked in the last 12 months,56262
262,Barnsley,3,Not in employment: Never worked,22895
263,Doncaster,-8,Does not apply,195039
263,Doncaster,1,Not in employment: Worked in the last 12 months,12720
263,Doncaster,2,Not in employment: Not worked in the last 12 months,69605
263,Doncaster,3,Not in employment: Never worked,30742
264,Rotherham,-8,Does not apply,168037
264,Rotherham,1,Not in employment: Worked in the last 12 months,10199
264,Rotherham,2,Not in employment: Not worked in the last 12 months,60330
264,Rotherham,3,Not in employment: Never worked,27241
265,Sheffield,-8,Does not apply,342278
265,Sheffield,1,Not in employment: Worked in the last 12 months,32397
265,Sheffield,2,Not in employment: Not worked in the last 12 months,118632
265,Sheffield,3,Not in employment: Never worked,63214
266,Newcastle upon Tyne,-8,Does not apply,176753
266,Newcastle upon Tyne,1,Not in employment: Worked in the last 12 months,22905
266,Newcastle upon Tyne,2,Not in employment: Not worked in the last 12 months,60262
266,Newcastle upon Tyne,3,Not in employment: Never worked,40205
267,North Tyneside,-8,Does not apply,134720
267,North Tyneside,1,Not in employment: Worked in the last 12 months,7596
267,North Tyneside,2,Not in employment: Not worked in the last 12 months,47414
267,North Tyneside,3,Not in employment: Never worked,19237
268,South Tyneside,-8,Does not apply,88992
268,South Tyneside,1,Not in employment: Worked in the last 12 months,5746
268,South Tyneside,2,Not in employment: Not worked in the last 12 months,35430
268,South Tyneside,3,Not in employment: Never worked,17608
269,Sunderland,-8,Does not apply,165252
269,Sunderland,1,Not in employment: Worked in the last 12 months,10871
269,Sunderland,2,Not in employment: Not worked in the last 12 months,63945
269,Sunderland,3,Not in employment: Never worked,34104
267,Birmingham,-8,Does not apply,697714
267,Birmingham,1,Not in employment: Worked in the last 12 months,60649
267,Birmingham,2,Not in employment: Not worked in the last 12 months,200437
267,Birmingham,3,Not in employment: Never worked,186119
268,Coventry,-8,Does not apply,218594
268,Coventry,1,Not in employment: Worked in the last 12 months,20968
268,Coventry,2,Not in employment: Not worked in the last 12 months,64571
268,Coventry,3,Not in employment: Never worked,41191
269,Dudley,-8,Does not apply,205640
269,Dudley,1,Not in employment: Worked in the last 12 months,11916
269,Dudley,2,Not in employment: Not worked in the last 12 months,75739
269,Dudley,3,Not in employment: Never worked,30193
270,Sandwell,-8,Does not apply,216876
270,Sandwell,1,Not in employment: Worked in the last 12 months,14496
270,Sandwell,2,Not in employment: Not worked in the last 12 months,62719
270,Sandwell,3,Not in employment: Never worked,47741
271,Solihull,-8,Does not apply,139678
271,Solihull,1,Not in employment: Worked in the last 12 months,8432
271,Solihull,2,Not in employment: Not worked in the last 12 months,50849
271,Solihull,3,Not in employment: Never worked,17281
272,Walsall,-8,Does not apply,179557
272,Walsall,1,Not in employment: Worked in the last 12 months,10932
272,Walsall,2,Not in employment: Not worked in the last 12 months,59548
272,Walsall,3,Not in employment: Never worked,34087
273,Wolverhampton,-8,Does not apply,166594
273,Wolverhampton,1,Not in employment: Worked in the last 12 months,11602
273,Wolverhampton,2,Not in employment: Not worked in the last 12 months,53234
273,Wolverhampton,3,Not in employment: Never worked,32297
274,Bradford,-8,Does not apply,345974
274,Bradford,1,Not in employment: Worked in the last 12 months,21691
274,Bradford,2,Not in employment: Not worked in the last 12 months,101628
274,Bradford,3,Not in employment: Never worked,77118
275,Calderdale,-8,Does not apply,133378
275,Calderdale,1,Not in employment: Worked in the last 12 months,8243
275,Calderdale,2,Not in employment: Not worked in the last 12 months,46609
275,Calderdale,3,Not in employment: Never worked,18401
276,Kirklees,-8,Does not apply,277025
276,Kirklees,1,Not in employment: Worked in the last 12 months,17780
276,Kirklees,2,Not in employment: Not worked in the last 12 months,91330
276,Kirklees,3,Not in employment: Never worked,47081
277,Leeds,-8,Does not apply,527546
277,Leeds,1,Not in employment: Worked in the last 12 months,46612
277,Leeds,2,Not in employment: Not worked in the last 12 months,160051
277,Leeds,3,Not in employment: Never worked,77744
278,Wakefield,-8,Does not apply,230473
278,Wakefield,1,Not in employment: Worked in the last 12 months,13266
278,Wakefield,2,Not in employment: Not worked in the last 12 months,79025
278,Wakefield,3,Not in employment: Never worked,30606
279,Gateshead,-8,Does not apply,121921
279,Gateshead,1,Not in employment: Worked in the last 12 months,7685
279,Gateshead,2,Not in employment: Not worked in the last 12 months,45185
279,Gateshead,3,Not in employment: Never worked,21360
280,City of London,-8,Does not apply,5930
280,City of London,1,Not in employment: Worked in the last 12 months,508
280,City of London,2,Not in employment: Not worked in the last 12 months,1412
280,City of London,3,Not in employment: Never worked,733
281,Barking and Dagenham,-8,Does not apply,151713
281,Barking and Dagenham,1,Not in employment: Worked in the last 12 months,10242
281,Barking and Dagenham,2,Not in employment: Not worked in the last 12 months,28678
281,Barking and Dagenham,3,Not in employment: Never worked,28236
282,Barnet,-8,Does not apply,266165
282,Barnet,1,Not in employment: Worked in the last 12 months,18730
282,Barnet,2,Not in employment: Not worked in the last 12 months,63342
282,Barnet,3,Not in employment: Never worked,41107
283,Bexley,-8,Does not apply,168628
283,Bexley,1,Not in employment: Worked in the last 12 months,10402
283,Bexley,2,Not in employment: Not worked in the last 12 months,47214
283,Bexley,3,Not in employment: Never worked,20228
284,Brent,-8,Does not apply,225670
284,Brent,1,Not in employment: Worked in the last 12 months,18479
284,Brent,2,Not in employment: Not worked in the last 12 months,48297
284,Brent,3,Not in employment: Never worked,47370
285,Bromley,-8,Does not apply,227025
285,Bromley,1,Not in employment: Worked in the last 12 months,12797
285,Bromley,2,Not in employment: Not worked in the last 12 months,67099
285,Bromley,3,Not in employment: Never worked,23070
286,Camden,-8,Does not apply,134739
286,Camden,1,Not in employment: Worked in the last 12 months,13558
286,Camden,2,Not in employment: Not worked in the last 12 months,34511
286,Camden,3,Not in employment: Never worked,27328
287,Croydon,-8,Does not apply,269728
287,Croydon,1,Not in employment: Worked in the last 12 months,18113
287,Croydon,2,Not in employment: Not worked in the last 12 months,64606
287,Croydon,3,Not in employment: Never worked,38272
289,Ealing,-8,Does not apply,246770
289,Ealing,1,Not in employment: Worked in the last 12 months,19236
289,Ealing,2,Not in employment: Not worked in the last 12 months,54181
289,Ealing,3,Not in employment: Never worked,46928
290,Enfield,-8,Does not apply,216666
290,Enfield,1,Not in employment: Worked in the last 12 months,15731
290,Enfield,2,Not in employment: Not worked in the last 12 months,54454
290,Enfield,3,Not in employment: Never worked,43133
291,Greenwich,-8,Does not apply,202255
291,Greenwich,1,Not in employment: Worked in the last 12 months,14364
291,Greenwich,2,Not in employment: Not worked in the last 12 months,42785
291,Greenwich,3,Not in employment: Never worked,29664
291,Hackney,-8,Does not apply,183988
291,Hackney,1,Not in employment: Worked in the last 12 months,12852
291,Hackney,2,Not in employment: Not worked in the last 12 months,30710
291,Hackney,3,Not in employment: Never worked,31596
292,Hammersmith and Fulham,-8,Does not apply,126623
292,Hammersmith and Fulham,1,Not in employment: Worked in the last 12 months,10625
292,Hammersmith and Fulham,2,Not in employment: Not worked in the last 12 months,27259
292,Hammersmith and Fulham,3,Not in employment: Never worked,18650
293,Haringey,-8,Does not apply,182619
293,Haringey,1,Not in employment: Worked in the last 12 months,14433
293,Haringey,2,Not in employment: Not worked in the last 12 months,36838
293,Haringey,3,Not in employment: Never worked,30349
294,Harrow,-8,Does not apply,176619
294,Harrow,1,Not in employment: Worked in the last 12 months,11723
294,Harrow,2,Not in employment: Not worked in the last 12 months,42238
294,Harrow,3,Not in employment: Never worked,30623
295,Havering,-8,Does not apply,177103
295,Havering,1,Not in employment: Worked in the last 12 months,10788
295,Havering,2,Not in employment: Not worked in the last 12 months,52153
295,Havering,3,Not in employment: Never worked,22008
296,Hillingdon,-8,Does not apply,206836
296,Hillingdon,1,Not in employment: Worked in the last 12 months,15400
296,Hillingdon,2,Not in employment: Not worked in the last 12 months,49255
296,Hillingdon,3,Not in employment: Never worked,34418
297,Hounslow,-8,Does not apply,198300
297,Hounslow,1,Not in employment: Worked in the last 12 months,14900
297,Hounslow,2,Not in employment: Not worked in the last 12 months,42007
297,Hounslow,3,Not in employment: Never worked,32974
298,Islington,-8,Does not apply,147933
298,Islington,1,Not in employment: Worked in the last 12 months,12445
298,Islington,2,Not in employment: Not worked in the last 12 months,32049
298,Islington,3,Not in employment: Never worked,24162
299,Kensington and Chelsea,-8,Does not apply,89726
299,Kensington and Chelsea,1,Not in employment: Worked in the last 12 months,7954
299,Kensington and Chelsea,2,Not in employment: Not worked in the last 12 months,27076
299,Kensington and Chelsea,3,Not in employment: Never worked,18619
300,Kingston upon Thames,-8,Does not apply,116747
300,Kingston upon Thames,1,Not in employment: Worked in the last 12 months,8399
300,Kingston upon Thames,2,Not in employment: Not worked in the last 12 months,29152
300,Kingston upon Thames,3,Not in employment: Never worked,13764
301,Lambeth,-8,Does not apply,231529
301,Lambeth,1,Not in employment: Worked in the last 12 months,16938
301,Lambeth,2,Not in employment: Not worked in the last 12 months,40140
301,Lambeth,3,Not in employment: Never worked,29047
302,Lewisham,-8,Does not apply,213854
302,Lewisham,1,Not in employment: Worked in the last 12 months,15859
302,Lewisham,2,Not in employment: Not worked in the last 12 months,42205
302,Lewisham,3,Not in employment: Never worked,28635
303,Merton,-8,Does not apply,154480
303,Merton,1,Not in employment: Worked in the last 12 months,9646
303,Merton,2,Not in employment: Not worked in the last 12 months,32938
303,Merton,3,Not in employment: Never worked,18123
304,Newham,-8,Does not apply,238307
304,Newham,1,Not in employment: Worked in the last 12 months,19003
304,Newham,2,Not in employment: Not worked in the last 12 months,38773
304,Newham,3,Not in employment: Never worked,54952
305,Redbridge,-8,Does not apply,209870
305,Redbridge,1,Not in employment: Worked in the last 12 months,14123
305,Redbridge,2,Not in employment: Not worked in the last 12 months,45720
305,Redbridge,3,Not in employment: Never worked,40547
306,Richmond upon Thames,-8,Does not apply,137009
306,Richmond upon Thames,1,Not in employment: Worked in the last 12 months,8735
306,Richmond upon Thames,2,Not in employment: Not worked in the last 12 months,36926
306,Richmond upon Thames,3,Not in employment: Never worked,12608
307,Southwark,-8,Does not apply,218449
307,Southwark,1,Not in employment: Worked in the last 12 months,18062
307,Southwark,2,Not in employment: Not worked in the last 12 months,39864
307,Southwark,3,Not in employment: Never worked,31262
308,Sutton,-8,Does not apply,148206
308,Sutton,1,Not in employment: Worked in the last 12 months,8407
308,Sutton,2,Not in employment: Not worked in the last 12 months,36539
308,Sutton,3,Not in employment: Never worked,16487
309,Tower Hamlets,-8,Does not apply,212815
309,Tower Hamlets,1,Not in employment: Worked in the last 12 months,17585
309,Tower Hamlets,2,Not in employment: Not worked in the last 12 months,33691
309,Tower Hamlets,3,Not in employment: Never worked,46215
310,Waltham Forest,-8,Does not apply,196616
310,Waltham Forest,1,Not in employment: Worked in the last 12 months,13193
310,Waltham Forest,2,Not in employment: Not worked in the last 12 months,38003
310,Waltham Forest,3,Not in employment: Never worked,30614
311,Wandsworth,-8,Does not apply,244390
311,Wandsworth,1,Not in employment: Worked in the last 12 months,15140
311,Wandsworth,2,Not in employment: Not worked in the last 12 months,42978
311,Wandsworth,3,Not in employment: Never worked,24998
312,Westminster,-8,Does not apply,128511
312,Westminster,1,Not in employment: Worked in the last 12 months,12362
312,Westminster,2,Not in employment: Not worked in the last 12 months,33356
312,Westminster,3,Not in employment: Never worked,30007
313,Isle of Anglesey,-8,Does not apply,40933
313,Isle of Anglesey,1,Not in employment: Worked in the last 12 months,2710
313,Isle of Anglesey,2,Not in employment: Not worked in the last 12 months,20010
313,Isle of Anglesey,3,Not in employment: Never worked,5225
314,Gwynedd,-8,Does not apply,71242
314,Gwynedd,1,Not in employment: Worked in the last 12 months,6669
314,Gwynedd,2,Not in employment: Not worked in the last 12 months,30948
314,Gwynedd,3,Not in employment: Never worked,8534
315,Conwy,-8,Does not apply,67100
315,Conwy,1,Not in employment: Worked in the last 12 months,4763
315,Conwy,2,Not in employment: Not worked in the last 12 months,34132
315,Conwy,3,Not in employment: Never worked,8746
316,Denbighshire,-8,Does not apply,57755
316,Denbighshire,1,Not in employment: Worked in the last 12 months,3607
316,Denbighshire,2,Not in employment: Not worked in the last 12 months,26240
316,Denbighshire,3,Not in employment: Never worked,8216
317,Flintshire,-8,Does not apply,101205
317,Flintshire,1,Not in employment: Worked in the last 12 months,6127
317,Flintshire,2,Not in employment: Not worked in the last 12 months,36776
317,Flintshire,3,Not in employment: Never worked,10855
318,Wrexham,-8,Does not apply,86648
318,Wrexham,1,Not in employment: Worked in the last 12 months,5318
318,Wrexham,2,Not in employment: Not worked in the last 12 months,32013
318,Wrexham,3,Not in employment: Never worked,11138
319,Ceredigion,-8,Does not apply,40203
319,Ceredigion,1,Not in employment: Worked in the last 12 months,4290
319,Ceredigion,2,Not in employment: Not worked in the last 12 months,21326
319,Ceredigion,3,Not in employment: Never worked,5656
320,Pembrokeshire,-8,Does not apply,73574
320,Pembrokeshire,1,Not in employment: Worked in the last 12 months,5009
320,Pembrokeshire,2,Not in employment: Not worked in the last 12 months,35721
320,Pembrokeshire,3,Not in employment: Never worked,9056
321,Carmarthenshire,-8,Does not apply,114362
321,Carmarthenshire,1,Not in employment: Worked in the last 12 months,6642
321,Carmarthenshire,2,Not in employment: Not worked in the last 12 months,51422
321,Carmarthenshire,3,Not in employment: Never worked,15471
322,Swansea,-8,Does not apply,141246
322,Swansea,1,Not in employment: Worked in the last 12 months,13112
322,Swansea,2,Not in employment: Not worked in the last 12 months,60788
322,Swansea,3,Not in employment: Never worked,23344
323,Neath Port Talbot,-8,Does not apply,84296
323,Neath Port Talbot,1,Not in employment: Worked in the last 12 months,5826
323,Neath Port Talbot,2,Not in employment: Not worked in the last 12 months,37295
323,Neath Port Talbot,3,Not in employment: Never worked,14872
324,Bridgend,-8,Does not apply,89990
324,Bridgend,1,Not in employment: Worked in the last 12 months,5704
324,Bridgend,2,Not in employment: Not worked in the last 12 months,36809
324,Bridgend,3,Not in employment: Never worked,12985
325,Vale of Glamorgan,-8,Does not apply,84397
325,Vale of Glamorgan,1,Not in employment: Worked in the last 12 months,4927
325,Vale of Glamorgan,2,Not in employment: Not worked in the last 12 months,32604
325,Vale of Glamorgan,3,Not in employment: Never worked,10011
326,Cardiff,-8,Does not apply,226434
326,Cardiff,1,Not in employment: Worked in the last 12 months,24444
326,Cardiff,2,Not in employment: Not worked in the last 12 months,72621
326,Cardiff,3,Not in employment: Never worked,38809
327,Rhondda Cynon Taf,-8,Does not apply,147197
327,Rhondda Cynon Taf,1,Not in employment: Worked in the last 12 months,8928
327,Rhondda Cynon Taf,2,Not in employment: Not worked in the last 12 months,57478
327,Rhondda Cynon Taf,3,Not in employment: Never worked,24048
328,Caerphilly,-8,Does not apply,109909
328,Caerphilly,1,Not in employment: Worked in the last 12 months,5947
328,Caerphilly,2,Not in employment: Not worked in the last 12 months,42520
328,Caerphilly,3,Not in employment: Never worked,17576
329,Blaenau Gwent,-8,Does not apply,40559
329,Blaenau Gwent,1,Not in employment: Worked in the last 12 months,2301
329,Blaenau Gwent,2,Not in employment: Not worked in the last 12 months,16896
329,Blaenau Gwent,3,Not in employment: Never worked,7148
330,Torfaen,-8,Does not apply,57818
330,Torfaen,1,Not in employment: Worked in the last 12 months,3338
330,Torfaen,2,Not in employment: Not worked in the last 12 months,23258
330,Torfaen,3,Not in employment: Never worked,7862
331,Monmouthshire,-8,Does not apply,57548
331,Monmouthshire,1,Not in employment: Worked in the last 12 months,3599
331,Monmouthshire,2,Not in employment: Not worked in the last 12 months,25961
331,Monmouthshire,3,Not in employment: Never worked,5849
332,Newport,-8,Does not apply,104958
332,Newport,1,Not in employment: Worked in the last 12 months,6275
332,Newport,2,Not in employment: Not worked in the last 12 months,33236
332,Newport,3,Not in employment: Never worked,15124
333,Powys,-8,Does not apply,82359
333,Powys,1,Not in employment: Worked in the last 12 months,5123
333,Powys,2,Not in employment: Not worked in the last 12 months,37170
333,Powys,3,Not in employment: Never worked,8517
334,Merthyr Tydfil,-8,Does not apply,36797
334,Merthyr Tydfil,1,Not in employment: Worked in the last 12 months,2131
334,Merthyr Tydfil,2,Not in employment: Not worked in the last 12 months,13769
334,Merthyr Tydfil,3,Not in employment: Never worked,6142
